{"cameraMode":{"drawMode":0,"name":"Shaded","section":"Shading Mode"},"sceneLighting":true,"audioPlay":false,"sceneViewState":{"showFog":true,"showMaterialUpdate":false,"showSkybox":true,"showFlares":true,"showImageEffects":true,"showParticleSystems":true},"in2DMode":false,"pivot":{"x":410.2287292480469,"y":235.98785400390626,"z":-125.40347290039063},"rotation":{"x":-0.0036391685716807844,"y":-0.0004230151535011828,"z":0.0000017493716768512969,"w":-0.9999927878379822},"size":367.114990234375,"orthographic":false}