{"cameraMode":{"drawMode":0,"name":"Shaded","section":"Shading Mode"},"sceneLighting":false,"audioPlay":false,"sceneViewState":{"showFog":true,"showMaterialUpdate":false,"showSkybox":true,"showFlares":true,"showImageEffects":true,"showParticleSystems":true},"in2DMode":false,"pivot":{"x":0.5501508712768555,"y":-0.26483726501464846,"z":2.169898271560669},"rotation":{"x":-0.2655209004878998,"y":0.05162416025996208,"z":-0.014239290729165078,"w":-0.9626190662384033},"size":5.338428974151611,"orthographic":false}