{"cameraMode":{"drawMode":0,"name":"Shaded","section":"Shading Mode"},"sceneLighting":false,"audioPlay":false,"sceneViewState":{"showFog":true,"showMaterialUpdate":false,"showSkybox":true,"showFlares":true,"showImageEffects":true,"showParticleSystems":true},"in2DMode":false,"pivot":{"x":3.311596632003784,"y":1.3000000715255738,"z":4.708805561065674},"rotation":{"x":-0.044481225311756137,"y":0.9488688707351685,"z":-0.27094072103500368,"w":-0.15577606856822968},"size":5.392244815826416,"orthographic":false}